{
    "resource": "/hello",
    "path": "/hello",
    "httpMethod": "GET",
    "headers": {
      "Accept": "*/*",
      "Accept-Encoding": "gzip, deflate, sdch, br",
      "Accept-Language": "fi-FI,fi;q=0.8,en-US;q=0.6,en;q=0.4",
      "cache-control": "no-cache",
      "CloudFront-Forwarded-Proto": "https",
      "CloudFront-Is-Desktop-Viewer": "true",
      "CloudFront-Is-Mobile-Viewer": "false",
      "CloudFront-Is-SmartTV-Viewer": "false",
      "CloudFront-Is-Tablet-Viewer": "false",
      "CloudFront-Viewer-Country": "FI",
      "content-type": "application/json",
      "Host": "nu0zboj7hd.execute-api.eu-west-1.amazonaws.com",
      "id": "5874b803e5767b04f22624af",
      "postman-token": "3448fe9f-7157-d410-b6c8-834641bb9a57",
      "User-Agent": "Mozilla/5.0 (Macintosh; Intel Mac OS X 10_11_1) AppleWebKit/537.36 (KHTML, like Gecko) Chrome/56.0.2924.87 Safari/537.36",
      "Via": "2.0 8b1633b834f6beaa5a2d7797c38cf775.cloudfront.net (CloudFront)",
      "X-Amz-Cf-Id": "ItT3LgB_X5EiWXDJFzRFT16lpbyJ6ln11GJxBBwQzbVomVOjeLpOsA==",
      "X-Amzn-Trace-Id": "Root=1-58c264f3-5684b3df1e1e4a0d6bb476be",
      "X-Forwarded-For": "85.76.51.185, 205.251.218.69",
      "X-Forwarded-Port": "443",
      "X-Forwarded-Proto": "https"
    },
    "queryStringParameters": null,
    "pathParameters": null,
    "stageVariables": null,
    "requestContext": {
      "accountId": "766261213300",
      "resourceId": "r9di5p",
      "stage": "dev",
      "requestId": "4c40523b-056c-11e7-aecb-27200205fbfb",
      "identity": {
        "cognitoIdentityPoolId": null,
        "accountId": null,
        "cognitoIdentityId": null,
        "caller": null,
        "apiKey": null,
        "sourceIp": "85.76.51.185",
        "accessKey": null,
        "cognitoAuthenticationType": null,
        "cognitoAuthenticationProvider": null,
        "userArn": null,
        "userAgent": "Mozilla/5.0 (Macintosh; Intel Mac OS X 10_11_1) AppleWebKit/537.36 (KHTML, like Gecko) Chrome/56.0.2924.87 Safari/537.36",
        "user": null
      },
      "resourcePath": "/hello",
      "httpMethod": "GET",
      "apiId": "nu0zboj7hd"
    },
    "body": null,
    "isBase64Encoded": false
  }